{
    "results": {
        "tool": {
            "name": "pytest",
            "version": "8.4.1"
        },
        "summary": {
            "tests": 2,
            "passed": 2,
            "failed": 0,
            "skipped": 0,
            "pending": 0,
            "other": 0,
            "start": 1783780912.7331123,
            "stop": 1783780912.7681963
        },
        "tests": [
            {
                "name": "test_outputs.py::test_report_exists",
                "status": "passed",
                "duration": 0.0005830109997759791,
                "start": 1783780912.7611356,
                "stop": 1783780912.76385,
                "retries": 0,
                "file_path": "test_outputs.py"
            },
            {
                "name": "test_outputs.py::test_report_nonempty",
                "status": "passed",
                "duration": 0.0004551099999616781,
                "start": 1783780912.7640646,
                "stop": 1783780912.766244,
                "retries": 0,
                "file_path": "test_outputs.py"
            }
        ]
    }
}